Slate,Start_VO_ID,End_VO_ID,Life_Phase,Scene_Type,Image_Prompt
PV_0026_001,1,3,HOOK,NARRATIVE_SCENE,"Simple stickman character with oversized round white circle head. Body drawn with thin black lines. Clothing as simple flat-colored shapes (no detail, no folds, no shading). Character is deliberately simple - contrast against highly detailed, semi-realistic painted background environment. Medium-tall stickman with short dark buzz cut hair. Dark navy police uniform, badge on belt, holstered sidearm, body camera on chest with blinking red light. Dot eyes with cold expression, simple straight mouth. Hand resting near holster. Sitting inside dark patrol car at night, dashboard instruments glowing, dispatch radio mounted on dash. Richly detailed car interior - worn leather seat, cage divider behind, laptop mounted on swing arm. Dark residential street visible through windshield. Flat illustration, clean lines. --no realistic human faces, no complex facial features, no detailed clothing folds, no body shading on stickman characters, no 3D render on characters, no anime style, no chibi proportions, no filled body volume, no oversized main character, no text overlay, no subtitles, no captions, no written words, no readable text in image, no door signs, no name plates, no labels, no watermarks, no speech bubbles"
PV_0026_002,4,6,HOOK,POV_SHOT,"First-person POV illustration. Two simple flat black stickman hands at bottom left and right frame corners - large adult hands, dark navy uniform sleeve cuffs visible. Right hand resting near holster on belt. Rich detailed background: MDT computer screen glowing blue on dashboard mount, dark residential street visible through patrol car windshield, streetlights casting pools of amber light on wet asphalt, row houses with porch lights, chain-link fences. Immersive nighttime patrol car perspective. Flat illustration, immersive perspective. --no realistic human faces, no complex facial features, no detailed clothing folds, no body shading on stickman characters, no 3D render on characters, no anime style, no chibi proportions, no filled body volume, no oversized main character, no text overlay, no subtitles, no captions, no written words, no readable text in image, no door signs, no name plates, no labels, no watermarks, no speech bubbles"
PV_0026_003,7,8,HOOK,TEXT_OVERLAY,"Dark charcoal black background. Large bold white sans-serif text centered: 'Not because you know them.' Smaller secondary text below in muted gray: 'Because you decided before you arrived.' Flat design, premium typography. --no realistic human faces, no complex facial features, no detailed clothing folds, no body shading on stickman characters, no 3D render on characters, no anime style, no chibi proportions, no filled body volume, no oversized main character"
PV_0026_004,9,11,HOOK,NARRATIVE_SCENE,"Simple stickman character with oversized round white circle head. Body drawn with thin black lines. Clothing as simple flat-colored shapes (no detail, no folds, no shading). Character is deliberately simple - contrast against highly detailed, semi-realistic painted background environment. Medium-tall stickman with short dark buzz cut hair. Dark navy police uniform, badge on belt, holstered sidearm, body camera on chest with blinking red light. Dot eyes with cold expression, simple straight mouth. Standing beside patrol car, scanning street ahead, not looking at parked car. Richly detailed dark residential street at night - streetlight casting amber cone on crooked-parked sedan at curb, chain-link fences, barred windows, concrete stoops. Flat illustration, clean lines. --no realistic human faces, no complex facial features, no detailed clothing folds, no body shading on stickman characters, no 3D render on characters, no anime style, no chibi proportions, no filled body volume, no oversized main character, no text overlay, no subtitles, no captions, no written words, no readable text in image, no door signs, no name plates, no labels, no watermarks, no speech bubbles"
PV_0026_005,12,13,HOOK,NARRATIVE_SCENE,"Simple stickman character with oversized round white circle head. Body drawn with thin black lines. Clothing as simple flat-colored shapes (no detail, no folds, no shading). Character is deliberately simple - contrast against highly detailed, semi-realistic painted background environment. Medium-tall stickman with short dark buzz cut hair. Dark navy police uniform, badge on belt, holstered sidearm, body camera on chest with blinking red light. Dot eyes with cold expression, simple straight mouth. Looking down at blue-glowing MDT screen on dashboard mount, one hand on steering wheel. Dark patrol car interior, blue screen glow illuminating face, nighttime neighborhood visible outside. Flat illustration, clean lines. --no realistic human faces, no complex facial features, no detailed clothing folds, no body shading on stickman characters, no 3D render on characters, no anime style, no chibi proportions, no filled body volume, no oversized main character, no text overlay, no subtitles, no captions, no written words, no readable text in image, no door signs, no name plates, no labels, no watermarks, no speech bubbles"
PV_0026_006,14,15,HOOK,TEXT_OVERLAY,"Dark navy blue background. Large bold white sans-serif text centered: 'You don't protect people. You sort them.' Flat design, premium typography. Optional: tiny stickman police silhouette bottom-right. --no realistic human faces, no complex facial features, no detailed clothing folds, no body shading on stickman characters, no 3D render on characters, no anime style, no chibi proportions, no filled body volume, no oversized main character"
PV_0026_007,16,18,PHASE_EARLY,NARRATIVE_SCENE,"Simple stickman character with oversized round white circle head. Body drawn with thin black lines. Clothing as simple flat-colored shapes (no detail, no folds, no shading). Character is deliberately simple - contrast against highly detailed, semi-realistic painted background environment. Medium height stickman with short dark buzz cut fresh hair. New police uniform with shiny badge on belt, body camera with visible red light, stiff new holster. Dot eyes with eager alert expression, simple mouth. Sitting attentively among rows of recruits. Taller faceless stickman instructor (blank white circle head, no eyes, no mouth) in police training uniform standing at front with pointer, whiteboard behind. Detailed training room interior - fluorescent tube lighting, institutional beige walls, rows of metal folding chairs, floor with wax sheen. Flat illustration, clean lines. --no realistic human faces, no complex facial features, no detailed clothing folds, no body shading on stickman characters, no 3D render on characters, no anime style, no chibi proportions, no filled body volume, no oversized main character, no text overlay, no subtitles, no captions, no written words, no readable text in image, no door signs, no name plates, no labels, no watermarks, no speech bubbles"
PV_0026_008,19,21,PHASE_EARLY,NARRATIVE_SCENE,"Simple stickman character with oversized round white circle head. Body drawn with thin black lines. Clothing as simple flat-colored shapes (no detail, no folds, no shading). Character is deliberately simple - contrast against highly detailed, semi-realistic painted background environment. Medium height stickman with short dark buzz cut fresh hair. New police uniform with shiny badge on belt, body camera with visible red light, stiff new holster. Dot eyes closed, simple mouth slightly open. Hands in lap, reciting from memory. Training room background fading to soft focus behind, fluorescent lights overhead, other faceless recruits (blank white circle heads) blurred in rows. Flat illustration, clean lines. --no realistic human faces, no complex facial features, no detailed clothing folds, no body shading on stickman characters, no 3D render on characters, no anime style, no chibi proportions, no filled body volume, no oversized main character, no text overlay, no subtitles, no captions, no written words, no readable text in image, no door signs, no name plates, no labels, no watermarks, no speech bubbles"
PV_0026_009,22,26,PHASE_EARLY,NARRATIVE_SCENE,"Simple stickman character with oversized round white circle head. Body drawn with thin black lines. Clothing as simple flat-colored shapes (no detail, no folds, no shading). Character is deliberately simple - contrast against highly detailed, semi-realistic painted background environment. Taller faceless stickman instructor (blank white circle head, no eyes, no mouth) in police training uniform, writing on whiteboard with marker, not underlining. Detailed training room - institutional walls, floor wax sheen, old coffee cups on desk, fluorescent buzzing light tubes, metal chairs. Flat illustration, clean lines. --no realistic human faces, no complex facial features, no detailed clothing folds, no body shading on stickman characters, no 3D render on characters, no anime style, no chibi proportions, no filled body volume, no oversized main character, no text overlay, no subtitles, no captions, no written words, no readable text in image, no door signs, no name plates, no labels, no watermarks, no speech bubbles"
PV_0026_010,27,30,PHASE_EARLY,NARRATIVE_SCENE,"Simple stickman character with oversized round white circle head. Body drawn with thin black lines. Clothing as simple flat-colored shapes (no detail, no folds, no shading). Character is deliberately simple - contrast against highly detailed, semi-realistic painted background environment. Rows of faceless stickman recruits (blank white circle heads, no eyes, no mouths) in new police uniforms sitting in training room chairs. Faceless instructor standing at front. Wide shot of training room interior - fluorescent lights, institutional walls, whiteboard at front, thirty chairs in rows, coffee-stained surfaces. Flat illustration, clean lines. --no realistic human faces, no complex facial features, no detailed clothing folds, no body shading on stickman characters, no 3D render on characters, no anime style, no chibi proportions, no filled body volume, no oversized main character, no text overlay, no subtitles, no captions, no written words, no readable text in image, no door signs, no name plates, no labels, no watermarks, no speech bubbles"
PV_0026_011,31,33,PHASE_EARLY,NARRATIVE_SCENE,"Simple stickman character with oversized round white circle head. Body drawn with thin black lines. Clothing as simple flat-colored shapes (no detail, no folds, no shading). Character is deliberately simple - contrast against highly detailed, semi-realistic painted background environment. Medium height stickman with short dark buzz cut fresh hair. New police uniform with shiny badge on belt, body camera with visible red light, stiff new holster pulling visibly at hip. Dot eyes with eager alert expression, simple mouth. Walking on urban sidewalk, posture slightly leaning from holster weight. Detailed city street - concrete sidewalk, storefronts, parked cars, morning light, residential neighborhood. Flat illustration, clean lines. --no realistic human faces, no complex facial features, no detailed clothing folds, no body shading on stickman characters, no 3D render on characters, no anime style, no chibi proportions, no filled body volume, no oversized main character, no text overlay, no subtitles, no captions, no written words, no readable text in image, no door signs, no name plates, no labels, no watermarks, no speech bubbles"
PV_0026_012,34,35,PHASE_EARLY,NARRATIVE_SCENE,"Simple stickman character with oversized round white circle head. Body drawn with thin black lines. Clothing as simple flat-colored shapes (no detail, no folds, no shading). Character is deliberately simple - contrast against highly detailed, semi-realistic painted background environment. Medium height stickman with short dark buzz cut fresh hair. New police uniform with shiny badge on belt, body camera with visible red light, stiff new holster heavy on left hip. Dot eyes with alert expression, simple mouth. Walking slowly along sidewalk, each step deliberate, weapon weight visible in gait. Detailed urban residential street - cracked sidewalk, chain-link fences, front porches, parked cars. Flat illustration, clean lines. --no realistic human faces, no complex facial features, no detailed clothing folds, no body shading on stickman characters, no 3D render on characters, no anime style, no chibi proportions, no filled body volume, no oversized main character, no text overlay, no subtitles, no captions, no written words, no readable text in image, no door signs, no name plates, no labels, no watermarks, no speech bubbles"
PV_0026_013,36,40,PHASE_EARLY,NARRATIVE_SCENE,"Simple stickman character with oversized round white circle head. Body drawn with thin black lines. Clothing as simple flat-colored shapes (no detail, no folds, no shading). Character is deliberately simple - contrast against highly detailed, semi-realistic painted background environment. Medium height stickman recruit in passenger seat with short dark buzz cut, new uniform, dot eyes alert, simple mouth. Shorter faceless stickman partner (blank white circle head, no eyes, no mouth) in police uniform driving, adjusting rearview mirror. Detailed patrol car interior - two-seat front, laptop mount, radio console, cage partition, through windshield urban street visible. Flat illustration, clean lines. --no realistic human faces, no complex facial features, no detailed clothing folds, no body shading on stickman characters, no 3D render on characters, no anime style, no chibi proportions, no filled body volume, no oversized main character, no text overlay, no subtitles, no captions, no written words, no readable text in image, no door signs, no name plates, no labels, no watermarks, no speech bubbles"
PV_0026_014,41,41,PHASE_EARLY,NARRATIVE_SCENE,"Simple stickman character with oversized round white circle head. Body drawn with thin black lines. Clothing as simple flat-colored shapes (no detail, no folds, no shading). Character is deliberately simple - contrast against highly detailed, semi-realistic painted background environment. Medium height stickman recruit in passenger seat with short dark buzz cut, new uniform, dot eyes looking forward, simple mouth. Patrol car interior, radio crackling on console, silence between partner and recruit, suburban streets passing outside windows. Detailed car interior - worn seats, mounted equipment, partition, windshield reflections. Flat illustration, clean lines. --no realistic human faces, no complex facial features, no detailed clothing folds, no body shading on stickman characters, no 3D render on characters, no anime style, no chibi proportions, no filled body volume, no oversized main character, no text overlay, no subtitles, no captions, no written words, no readable text in image, no door signs, no name plates, no labels, no watermarks, no speech bubbles"
PV_0026_015,42,45,PHASE_EARLY,NARRATIVE_SCENE,"Simple stickman character with oversized round white circle head. Body drawn with thin black lines. Clothing as simple flat-colored shapes (no detail, no folds, no shading). Character is deliberately simple - contrast against highly detailed, semi-realistic painted background environment. Medium height stickman recruit in passenger seat with short dark buzz cut, new uniform, dot eyes focused on radio, simple mouth tense. Leaning slightly toward radio console in patrol car. Detailed patrol car interior at dusk - radio with indicator lights, laptop screen, outside residential neighborhood visible through windows, fading daylight. Flat illustration, clean lines. --no realistic human faces, no complex facial features, no detailed clothing folds, no body shading on stickman characters, no 3D render on characters, no anime style, no chibi proportions, no filled body volume, no oversized main character, no text overlay, no subtitles, no captions, no written words, no readable text in image, no door signs, no name plates, no labels, no watermarks, no speech bubbles"
PV_0026_016,46,47,PHASE_EARLY,EMOTIONAL_CLOSEUP,"Simple stickman character with oversized round white circle head. Body drawn with thin black lines. Clothing as simple flat-colored shapes (no detail, no folds, no shading). Character is deliberately simple - contrast against highly detailed, semi-realistic painted background environment. Medium height stickman with short dark buzz cut fresh hair. New police uniform with shiny badge on belt, body camera with visible red light, holster on hip. Dot eyes with worried expression, simple mouth slightly downturned. Standing still, hands deliberately at sides away from weapon. Background fading from patrol car detail to neutral bright white at edges. Single subject, centered. Flat illustration. --no realistic human faces, no complex facial features, no detailed clothing folds, no body shading on stickman characters, no 3D render on characters, no anime style, no chibi proportions, no filled body volume, no oversized main character, no text overlay, no subtitles, no captions, no written words, no readable text in image, no door signs, no name plates, no labels, no watermarks, no speech bubbles"
PV_0026_017,48,50,PHASE_EARLY,NARRATIVE_SCENE,"Simple stickman character with oversized round white circle head. Body drawn with thin black lines. Clothing as simple flat-colored shapes (no detail, no folds, no shading). Character is deliberately simple - contrast against highly detailed, semi-realistic painted background environment. Medium height stickman with short dark buzz cut fresh hair. New police uniform with shiny badge, body camera with red light, holster on hip. Dot eyes with alert uncertain expression, simple mouth. Walking back toward parked patrol car, right hand drifting unconsciously toward holster. Detailed suburban street - parked cars, residential houses, afternoon light, quiet neighborhood after routine traffic stop. Flat illustration, clean lines. --no realistic human faces, no complex facial features, no detailed clothing folds, no body shading on stickman characters, no 3D render on characters, no anime style, no chibi proportions, no filled body volume, no oversized main character, no text overlay, no subtitles, no captions, no written words, no readable text in image, no door signs, no name plates, no labels, no watermarks, no speech bubbles"
PV_0026_018,51,52,PHASE_EARLY,EMOTIONAL_CLOSEUP,"Simple stickman character with oversized round white circle head. Body drawn with thin black lines. Clothing as simple flat-colored shapes (no detail, no folds, no shading). Character is deliberately simple - contrast against highly detailed, semi-realistic painted background environment. Close framing on medium height stickman's right hand caught touching holster, other hand pulling it away. Short dark buzz cut, new uniform visible at edges. Dot eyes looking down at own hand with surprise, simple mouth. Background fading from street scene to cool blue wash at edges. Single subject, centered. Flat illustration. --no realistic human faces, no complex facial features, no detailed clothing folds, no body shading on stickman characters, no 3D render on characters, no anime style, no chibi proportions, no filled body volume, no oversized main character, no text overlay, no subtitles, no captions, no written words, no readable text in image, no door signs, no name plates, no labels, no watermarks, no speech bubbles"
PV_0026_019,53,57,PHASE_EARLY,EMOTIONAL_CLOSEUP,"Simple stickman character with oversized round white circle head. Body drawn with thin black lines. Clothing as simple flat-colored shapes (no detail, no folds, no shading). Character is deliberately simple - contrast against highly detailed, semi-realistic painted background environment. Medium height stickman with short dark buzz cut fresh hair. New police uniform with shiny badge, body camera, holster. Dot eyes with confused uncertain expression, simple mouth. Standing still looking at own hand near holster with confusion, slightly hunched posture. Shorter faceless stickman partner (blank white circle head, no eyes, no mouth) in police uniform visible in background, looking away. Background fading from street to cool blue wash at edges. Single subject, centered. Flat illustration. --no realistic human faces, no complex facial features, no detailed clothing folds, no body shading on stickman characters, no 3D render on characters, no anime style, no chibi proportions, no filled body volume, no oversized main character, no text overlay, no subtitles, no captions, no written words, no readable text in image, no door signs, no name plates, no labels, no watermarks, no speech bubbles"
PV_0026_020,58,61,PHASE_CONFLICT,NARRATIVE_SCENE,"Simple stickman character with oversized round white circle head. Body drawn with thin black lines. Clothing as simple flat-colored shapes (no detail, no folds, no shading). Character is deliberately simple - contrast against highly detailed, semi-realistic painted background environment. Medium-tall stickman with short dark buzz cut. Worn police uniform, badge slightly duller, body camera present, hand near holster. Dot eyes with neutral awakening expression, simple mouth. Weapon drawn and pointed forward at faceless stickman civilian (blank white circle head, no eyes, no mouth) in hoodie and jeans standing in residential doorway, hands partially raised. Detailed residential porch - screen door, concrete steps, porch light, chain-link fence yard. Night scene with harsh porch light. Flat illustration, clean lines. --no realistic human faces, no complex facial features, no detailed clothing folds, no body shading on stickman characters, no 3D render on characters, no anime style, no chibi proportions, no filled body volume, no oversized main character, no text overlay, no subtitles, no captions, no written words, no readable text in image, no door signs, no name plates, no labels, no watermarks, no speech bubbles"
PV_0026_021,62,64,PHASE_CONFLICT,NARRATIVE_SCENE,"Simple stickman character with oversized round white circle head. Body drawn with thin black lines. Clothing as simple flat-colored shapes (no detail, no folds, no shading). Character is deliberately simple - contrast against highly detailed, semi-realistic painted background environment. Medium-tall stickman cop with short dark buzz cut. Worn uniform, badge duller, body camera, hand extended with weapon drawn. Dot eyes with neutral expression, simple mouth set. Faceless stickman civilian (blank white circle head) in hoodie frozen in doorway, rigid posture. Detailed residential doorway scene at night - screen door frame, foyer light spilling out, concrete porch, metal railing. Flat illustration, clean lines. --no realistic human faces, no complex facial features, no detailed clothing folds, no body shading on stickman characters, no 3D render on characters, no anime style, no chibi proportions, no filled body volume, no oversized main character, no text overlay, no subtitles, no captions, no written words, no readable text in image, no door signs, no name plates, no labels, no watermarks, no speech bubbles"
PV_0026_022,65,67,PHASE_CONFLICT,NARRATIVE_SCENE,"Simple stickman character with oversized round white circle head. Body drawn with thin black lines. Clothing as simple flat-colored shapes (no detail, no folds, no shading). Character is deliberately simple - contrast against highly detailed, semi-realistic painted background environment. Medium-tall stickman cop with weapon drawn, standing tall in control posture. Dot eyes neutral, simple mouth. Dark residential street at night going completely still - dog behind chain-link fence mid-bark frozen, parked cars along street, porch lights, moths around streetlight, everything paused. Detailed nighttime urban environment with eerie stillness quality. Flat illustration, clean lines. --no realistic human faces, no complex facial features, no detailed clothing folds, no body shading on stickman characters, no 3D render on characters, no anime style, no chibi proportions, no filled body volume, no oversized main character, no text overlay, no subtitles, no captions, no written words, no readable text in image, no door signs, no name plates, no labels, no watermarks, no speech bubbles"
PV_0026_023,68,70,PHASE_CONFLICT,NARRATIVE_SCENE,"Simple stickman character with oversized round white circle head. Body drawn with thin black lines. Clothing as simple flat-colored shapes (no detail, no folds, no shading). Character is deliberately simple - contrast against highly detailed, semi-realistic painted background environment. Medium-tall stickman cop standing with weapon drawn, tall dominant posture. Dot eyes neutral, simple mouth set. Faceless stickman woman (blank white circle head, no eyes, no mouth) in doorway, hand covering blank face area. Everything around frozen and silent. Detailed residential porch doorway at night - screen door, warm interior light, concrete steps, night insects around porch light. Flat illustration, clean lines. --no realistic human faces, no complex facial features, no detailed clothing folds, no body shading on stickman characters, no 3D render on characters, no anime style, no chibi proportions, no filled body volume, no oversized main character, no text overlay, no subtitles, no captions, no written words, no readable text in image, no door signs, no name plates, no labels, no watermarks, no speech bubbles"
PV_0026_024,71,74,PHASE_CONFLICT,EMOTIONAL_CLOSEUP,"Simple stickman character with oversized round white circle head. Body drawn with thin black lines. Clothing as simple flat-colored shapes (no detail, no folds, no shading). Character is deliberately simple - contrast against highly detailed, semi-realistic painted background environment. Medium-tall stickman cop with short dark buzz cut. Worn uniform, badge duller, body camera present. Dot eyes with neutral awakening expression, simple mouth relaxed. Standing rigid, hands perfectly steady, not shaking, weapon holstered. Background fading from dark street on one side to desaturated cold grey vignette at edges. Single subject, centered. Flat illustration. --no realistic human faces, no complex facial features, no detailed clothing folds, no body shading on stickman characters, no 3D render on characters, no anime style, no chibi proportions, no filled body volume, no oversized main character, no text overlay, no subtitles, no captions, no written words, no readable text in image, no door signs, no name plates, no labels, no watermarks, no speech bubbles"
PV_0026_025,75,76,PHASE_CONFLICT,EMOTIONAL_CLOSEUP,"Simple stickman character with oversized round white circle head. Body drawn with thin black lines. Clothing as simple flat-colored shapes (no detail, no folds, no shading). Character is deliberately simple - contrast against highly detailed, semi-realistic painted background environment. Medium-tall stickman cop with short dark buzz cut. Worn uniform. Dot eyes with neutral awakening expression, simple mouth steady. Standing perfectly still, hands at sides completely steady, posture upright with new confidence. Background fading to desaturated cold grey vignette. Single subject, centered. Flat illustration. --no realistic human faces, no complex facial features, no detailed clothing folds, no body shading on stickman characters, no 3D render on characters, no anime style, no chibi proportions, no filled body volume, no oversized main character, no text overlay, no subtitles, no captions, no written words, no readable text in image, no door signs, no name plates, no labels, no watermarks, no speech bubbles"
PV_0026_026,77,79,PHASE_CONFLICT,EMOTIONAL_CLOSEUP,"Simple stickman character with oversized round white circle head. Body drawn with thin black lines. Clothing as simple flat-colored shapes (no detail, no folds, no shading). Character is deliberately simple - contrast against highly detailed, semi-realistic painted background environment. Medium-tall stickman cop with short dark buzz cut. Worn uniform, weapon drawn but being slowly lowered, reluctant posture. Dot eyes with neutral expression, simple mouth set. Body leaning slightly forward as if reluctant to holster weapon. Background fading from dark residential porch scene to cool blue wash at edges. Single subject, centered. Flat illustration. --no realistic human faces, no complex facial features, no detailed clothing folds, no body shading on stickman characters, no 3D render on characters, no anime style, no chibi proportions, no filled body volume, no oversized main character, no text overlay, no subtitles, no captions, no written words, no readable text in image, no door signs, no name plates, no labels, no watermarks, no speech bubbles"
PV_0026_027,80,82,PHASE_CONFLICT,NARRATIVE_SCENE,"Simple stickman character with oversized round white circle head. Body drawn with thin black lines. Clothing as simple flat-colored shapes (no detail, no folds, no shading). Character is deliberately simple - contrast against highly detailed, semi-realistic painted background environment. Medium-tall stickman cop with short dark buzz cut. Worn uniform, weapon holstered. Dot eyes looking down or inward, simple mouth neutral. Standing alone beside patrol car at night, one hand on car roof, posture thoughtful. Shorter faceless stickman partner (blank white circle head) in uniform visible leaning on car hood in background. Detailed dark street, patrol car with lights off, streetlight overhead. Flat illustration, clean lines. --no realistic human faces, no complex facial features, no detailed clothing folds, no body shading on stickman characters, no 3D render on characters, no anime style, no chibi proportions, no filled body volume, no oversized main character, no text overlay, no subtitles, no captions, no written words, no readable text in image, no door signs, no name plates, no labels, no watermarks, no speech bubbles"
PV_0026_028,83,85,PHASE_CONFLICT,EMOTIONAL_CLOSEUP,"Simple stickman character with oversized round white circle head. Body drawn with thin black lines. Clothing as simple flat-colored shapes (no detail, no folds, no shading). Character is deliberately simple - contrast against highly detailed, semi-realistic painted background environment. Medium-tall stickman cop with short dark buzz cut. Worn uniform. Dot eyes with neutral closed-off expression, simple mouth tight. Standing still, head slightly tilted down, processing internally, posture withdrawing. Background fading from dark street to cool blue wash at edges. Single subject, centered. Flat illustration. --no realistic human faces, no complex facial features, no detailed clothing folds, no body shading on stickman characters, no 3D render on characters, no anime style, no chibi proportions, no filled body volume, no oversized main character, no text overlay, no subtitles, no captions, no written words, no readable text in image, no door signs, no name plates, no labels, no watermarks, no speech bubbles"
PV_0026_029,86,90,PHASE_CONFLICT,NARRATIVE_SCENE,"Simple stickman character with oversized round white circle head. Body drawn with thin black lines. Clothing as simple flat-colored shapes (no detail, no folds, no shading). Character is deliberately simple - contrast against highly detailed, semi-realistic painted background environment. Medium-tall stickman cop with short dark buzz cut. Worn uniform, badge duller, weapon drawn pointing at figure. Dot eyes with hardening expression, simple mouth set. Standing on sidewalk giving commands to faceless stickman civilian (blank white circle head, no eyes, no mouth) in civilian clothes, kneeling and complying. Detailed urban sidewalk at night - concrete, low hedges, residential house behind, porch light, patrol car visible at curb. Flat illustration, clean lines. --no realistic human faces, no complex facial features, no detailed clothing folds, no body shading on stickman characters, no 3D render on characters, no anime style, no chibi proportions, no filled body volume, no oversized main character, no text overlay, no subtitles, no captions, no written words, no readable text in image, no door signs, no name plates, no labels, no watermarks, no speech bubbles"
PV_0026_030,91,95,PHASE_CONFLICT,NARRATIVE_SCENE,"Simple stickman character with oversized round white circle head. Body drawn with thin black lines. Clothing as simple flat-colored shapes (no detail, no folds, no shading). Character is deliberately simple - contrast against highly detailed, semi-realistic painted background environment. Medium-tall stickman cop with weapon holstered, standing over compliant faceless civilian (blank white circle head) lying face down on sidewalk. Dot eyes hardening, simple mouth. No other figures present, nobody questioning the interaction. Detailed nighttime sidewalk - concrete, chain-link fence, residential house, single streetlight cone, patrol car at curb with lights. Flat illustration, clean lines. --no realistic human faces, no complex facial features, no detailed clothing folds, no body shading on stickman characters, no 3D render on characters, no anime style, no chibi proportions, no filled body volume, no oversized main character, no text overlay, no subtitles, no captions, no written words, no readable text in image, no door signs, no name plates, no labels, no watermarks, no speech bubbles"
PV_0026_031,96,99,PHASE_CONFLICT,EMOTIONAL_CLOSEUP,"Simple stickman character with oversized round white circle head. Body drawn with thin black lines. Clothing as simple flat-colored shapes (no detail, no folds, no shading). Character is deliberately simple - contrast against highly detailed, semi-realistic painted background environment. Medium-tall stickman cop with short dark buzz cut. Worn uniform, body camera present. Dot eyes with hardening cold expression, simple mouth neutral. Right hand resting on holster, not placed there consciously, standing beside patrol car. Background fading from patrol car and dark street to desaturated cold grey vignette. Single subject, centered. Flat illustration. --no realistic human faces, no complex facial features, no detailed clothing folds, no body shading on stickman characters, no 3D render on characters, no anime style, no chibi proportions, no filled body volume, no oversized main character, no text overlay, no subtitles, no captions, no written words, no readable text in image, no door signs, no name plates, no labels, no watermarks, no speech bubbles"
PV_0026_032,100,105,PHASE_CONFLICT,EMOTIONAL_CLOSEUP,"Simple stickman character with oversized round white circle head. Body drawn with thin black lines. Clothing as simple flat-colored shapes (no detail, no folds, no shading). Character is deliberately simple - contrast against highly detailed, semi-realistic painted background environment. Medium-tall stickman cop with short dark buzz cut. Worn uniform, body camera on chest with blinking red light accentuated. Dot eyes looking down at body camera, simple mouth. One hand pulling back from holster, other hand at side. Body camera prominent on chest with red indicator light. Background fading from patrol car to cool blue wash at edges. Single subject, centered. Flat illustration. --no realistic human faces, no complex facial features, no detailed clothing folds, no body shading on stickman characters, no 3D render on characters, no anime style, no chibi proportions, no filled body volume, no oversized main character, no text overlay, no subtitles, no captions, no written words, no readable text in image, no door signs, no name plates, no labels, no watermarks, no speech bubbles"
PV_0026_033,106,111,PHASE_CONFLICT,NARRATIVE_SCENE,"Simple stickman character with oversized round white circle head. Body drawn with thin black lines. Clothing as simple flat-colored shapes (no detail, no folds, no shading). Character is deliberately simple - contrast against highly detailed, semi-realistic painted background environment. Tall stickman cop with short dark buzz cut. Dark uniform, badge worn, body camera present, hand on holster as default. Dot eyes with hardening cold expression, simple mouth. Weapon drawn on different faceless civilian (blank white circle head) on different street corner. Civilian frozen mid-step. Detailed nighttime urban corner - different residential block, different streetlight, same type of neighborhood. Flat illustration, clean lines. --no realistic human faces, no complex facial features, no detailed clothing folds, no body shading on stickman characters, no 3D render on characters, no anime style, no chibi proportions, no filled body volume, no oversized main character, no text overlay, no subtitles, no captions, no written words, no readable text in image, no door signs, no name plates, no labels, no watermarks, no speech bubbles"
PV_0026_034,112,117,PHASE_CONFLICT,NARRATIVE_SCENE,"Simple stickman character with oversized round white circle head. Body drawn with thin black lines. Clothing as simple flat-colored shapes (no detail, no folds, no shading). Character is deliberately simple - contrast against highly detailed, semi-realistic painted background environment. Tall stickman cop with short dark buzz cut. Dark uniform, badge worn, hand on holster default posture. Dot eyes with cold expression, simple mouth set hard. Already shouting with weapon drawn, faceless civilian (blank white circle head) mid-stride not yet stopped, mouth open in command. Detailed dark urban sidewalk at night - amber streetlight, residential buildings, everything beginning to freeze around the cop. Flat illustration, clean lines. --no realistic human faces, no complex facial features, no detailed clothing folds, no body shading on stickman characters, no 3D render on characters, no anime style, no chibi proportions, no filled body volume, no oversized main character, no text overlay, no subtitles, no captions, no written words, no readable text in image, no door signs, no name plates, no labels, no watermarks, no speech bubbles"
PV_0026_035,118,119,PHASE_CONFLICT,EMOTIONAL_CLOSEUP,"Simple stickman character with oversized round white circle head. Body drawn with thin black lines. Clothing as simple flat-colored shapes (no detail, no folds, no shading). Character is deliberately simple - contrast against highly detailed, semi-realistic painted background environment. Tall stickman cop with short dark buzz cut. Dark uniform. Dot eyes with cold expression, simple mouth neutral. Standing perfectly still, hands steady at sides, posture tall and controlled. Background fading from dark nighttime street to desaturated cold grey at edges. Single subject, centered. Flat illustration. --no realistic human faces, no complex facial features, no detailed clothing folds, no body shading on stickman characters, no 3D render on characters, no anime style, no chibi proportions, no filled body volume, no oversized main character, no text overlay, no subtitles, no captions, no written words, no readable text in image, no door signs, no name plates, no labels, no watermarks, no speech bubbles"
PV_0026_036,120,122,PHASE_CONFLICT,EMOTIONAL_CLOSEUP,"Simple stickman character with oversized round white circle head. Body drawn with thin black lines. Clothing as simple flat-colored shapes (no detail, no folds, no shading). Character is deliberately simple - contrast against highly detailed, semi-realistic painted background environment. Tall stickman cop with short dark buzz cut. Dark uniform, hand ON holster as permanent default position. Dot eyes with cold expression, simple mouth flat. Standing with hand on weapon grip, not removing it, leaving it there deliberately. Background fading from dark street to desaturated cold grey vignette. Single subject, centered. Flat illustration. --no realistic human faces, no complex facial features, no detailed clothing folds, no body shading on stickman characters, no 3D render on characters, no anime style, no chibi proportions, no filled body volume, no oversized main character, no text overlay, no subtitles, no captions, no written words, no readable text in image, no door signs, no name plates, no labels, no watermarks, no speech bubbles"
PV_0026_037,123,127,PHASE_CONFLICT,NARRATIVE_SCENE,"Simple stickman character with oversized round white circle head. Body drawn with thin black lines. Clothing as simple flat-colored shapes (no detail, no folds, no shading). Character is deliberately simple - contrast against highly detailed, semi-realistic painted background environment. Tall stickman cop with short dark buzz cut. Dark uniform, weapon drawn. Dot eyes cold, simple mouth shouting. Standing over faceless stickman civilian (blank white circle head) on nighttime sidewalk, civilian caught between contradictory commands - half kneeling half standing, confused posture. Detailed urban sidewalk at night - streetlight glare, concrete, residential fences, parked cars. Flat illustration, clean lines. --no realistic human faces, no complex facial features, no detailed clothing folds, no body shading on stickman characters, no 3D render on characters, no anime style, no chibi proportions, no filled body volume, no oversized main character, no text overlay, no subtitles, no captions, no written words, no readable text in image, no door signs, no name plates, no labels, no watermarks, no speech bubbles"
PV_0026_038,128,131,PHASE_CONFLICT,NARRATIVE_SCENE,"Simple stickman character with oversized round white circle head. Body drawn with thin black lines. Clothing as simple flat-colored shapes (no detail, no folds, no shading). Character is deliberately simple - contrast against highly detailed, semi-realistic painted background environment. Tall stickman cop with weapon drawn, close aggressive stance over faceless civilian. Dot eyes cold, mouth open issuing rapid commands. No pause between orders. Detailed nighttime sidewalk - close framing on the confrontation, streetlight harsh overhead, concrete, residential background. Flat illustration, clean lines. --no realistic human faces, no complex facial features, no detailed clothing folds, no body shading on stickman characters, no 3D render on characters, no anime style, no chibi proportions, no filled body volume, no oversized main character, no text overlay, no subtitles, no captions, no written words, no readable text in image, no door signs, no name plates, no labels, no watermarks, no speech bubbles"
PV_0026_039,132,134,PHASE_CONFLICT,NARRATIVE_SCENE,"Simple stickman character with oversized round white circle head. Body drawn with thin black lines. Clothing as simple flat-colored shapes (no detail, no folds, no shading). Character is deliberately simple - contrast against highly detailed, semi-realistic painted background environment. Tall stickman cop with short dark buzz cut. Dark uniform, weapon drawn. Dot eyes with cold expression, simple mouth. Standing over confused faceless civilian (blank white circle head) trying to comply with impossible commands simultaneously. Cop's posture slightly tilted forward, knowing the impossibility. Detailed dark sidewalk scene - pooled streetlight, residential backdrop, nighttime atmosphere. Flat illustration, clean lines. --no realistic human faces, no complex facial features, no detailed clothing folds, no body shading on stickman characters, no 3D render on characters, no anime style, no chibi proportions, no filled body volume, no oversized main character, no text overlay, no subtitles, no captions, no written words, no readable text in image, no door signs, no name plates, no labels, no watermarks, no speech bubbles"
PV_0026_040,135,139,PHASE_CONFLICT,NARRATIVE_SCENE,"Simple stickman character with oversized round white circle head. Body drawn with thin black lines. Clothing as simple flat-colored shapes (no detail, no folds, no shading). Character is deliberately simple - contrast against highly detailed, semi-realistic painted background environment. Tall stickman cop with short dark buzz cut. Dark uniform, sidearm just fired - small muzzle flash at barrel end. Dot eyes cold flat, simple mouth shouting afterward. Faceless stickman civilian (blank white circle head) recoiling on dark sidewalk. Detailed nighttime urban scene with harsh lighting from muzzle flash illuminating sidewalk concrete and fence. Flat illustration, clean lines. --no realistic human faces, no complex facial features, no detailed clothing folds, no body shading on stickman characters, no 3D render on characters, no anime style, no chibi proportions, no filled body volume, no oversized main character, no text overlay, no subtitles, no captions, no written words, no readable text in image, no door signs, no name plates, no labels, no watermarks, no speech bubbles"
PV_0026_041,140,144,PHASE_CONFLICT,NARRATIVE_SCENE,"Simple stickman character with oversized round white circle head. Body drawn with thin black lines. Clothing as simple flat-colored shapes (no detail, no folds, no shading). Character is deliberately simple - contrast against highly detailed, semi-realistic painted background environment. Three faceless stickmen (blank white circle heads, no eyes, no mouths) in dark suits seated behind long institutional desk, manila folders open before them. Detailed institutional review board room - fluorescent lighting, wood-paneled walls, government flags in corner, water pitcher on desk, clock on wall. Flat illustration, clean lines. --no realistic human faces, no complex facial features, no detailed clothing folds, no body shading on stickman characters, no 3D render on characters, no anime style, no chibi proportions, no filled body volume, no oversized main character, no text overlay, no subtitles, no captions, no written words, no readable text in image, no door signs, no name plates, no labels, no watermarks, no speech bubbles"
PV_0026_042,145,150,PHASE_CONFLICT,NARRATIVE_SCENE,"Simple stickman character with oversized round white circle head. Body drawn with thin black lines. Clothing as simple flat-colored shapes (no detail, no folds, no shading). Character is deliberately simple - contrast against highly detailed, semi-realistic painted background environment. Tall stickman cop seated across desk from three faceless board members (blank white circle heads). Dot eyes cold, simple mouth speaking the formula. One faceless board member holding pen, clicking it. Detailed review board room - institutional desk, folders, water glasses, fluorescent lighting, wood paneling, government seal. Flat illustration, clean lines. --no realistic human faces, no complex facial features, no detailed clothing folds, no body shading on stickman characters, no 3D render on characters, no anime style, no chibi proportions, no filled body volume, no oversized main character, no text overlay, no subtitles, no captions, no written words, no readable text in image, no door signs, no name plates, no labels, no watermarks, no speech bubbles"
PV_0026_043,151,153,PHASE_CONFLICT,NARRATIVE_SCENE,"Simple stickman character with oversized round white circle head. Body drawn with thin black lines. Clothing as simple flat-colored shapes (no detail, no folds, no shading). Character is deliberately simple - contrast against highly detailed, semi-realistic painted background environment. Three faceless board members (blank white circle heads) nodding, closing folders, one pushing back chair. Detailed review board room interior - clock showing elapsed time, folders being closed, institutional fluorescent lighting. Flat illustration, clean lines. --no realistic human faces, no complex facial features, no detailed clothing folds, no body shading on stickman characters, no 3D render on characters, no anime style, no chibi proportions, no filled body volume, no oversized main character, no text overlay, no subtitles, no captions, no written words, no readable text in image, no door signs, no name plates, no labels, no watermarks, no speech bubbles"
PV_0026_044,154,157,PHASE_CONFLICT,NARRATIVE_SCENE,"Simple stickman character with oversized round white circle head. Body drawn with thin black lines. Clothing as simple flat-colored shapes (no detail, no folds, no shading). Character is deliberately simple - contrast against highly detailed, semi-realistic painted background environment. Tall stickman cop with short dark buzz cut. Dark uniform. Dot eyes with cold expression, simple mouth. Seated at precinct desk, writing in report folder, pen moving across form. Detailed precinct desk area - stacked case folders, desk lamp, computer monitor, fluorescent overhead, filing cabinet, institutional grey walls. Flat illustration, clean lines. --no realistic human faces, no complex facial features, no detailed clothing folds, no body shading on stickman characters, no 3D render on characters, no anime style, no chibi proportions, no filled body volume, no oversized main character, no text overlay, no subtitles, no captions, no written words, no readable text in image, no door signs, no name plates, no labels, no watermarks, no speech bubbles"
PV_0026_045,158,160,PHASE_CONFLICT,NARRATIVE_SCENE,"Simple stickman character with oversized round white circle head. Body drawn with thin black lines. Clothing as simple flat-colored shapes (no detail, no folds, no shading). Character is deliberately simple - contrast against highly detailed, semi-realistic painted background environment. Tall stickman cop at precinct desk, looking at page with pen in hand, expression blank. Stack of old reports beside current one, same phrases repeated across pages. Detailed desk close-up - manila folders stacked, pen marks, coffee ring stain, desk lamp cone of light. Flat illustration, clean lines. --no realistic human faces, no complex facial features, no detailed clothing folds, no body shading on stickman characters, no 3D render on characters, no anime style, no chibi proportions, no filled body volume, no oversized main character, no text overlay, no subtitles, no captions, no written words, no readable text in image, no door signs, no name plates, no labels, no watermarks, no speech bubbles"
PV_0026_046,161,163,PHASE_CONFLICT,EMOTIONAL_CLOSEUP,"Simple stickman character with oversized round white circle head. Body drawn with thin black lines. Clothing as simple flat-colored shapes (no detail, no folds, no shading). Character is deliberately simple - contrast against highly detailed, semi-realistic painted background environment. Two stickmen at desk - tall cop and shorter faceless partner (blank white circle head, no eyes, no mouth) in police uniform. Partner looking at open report on desk, then looking away. Cop with dot eyes cold, simple mouth, holding pen. Background fading from precinct interior to desaturated cold grey vignette at edges. Flat illustration. --no realistic human faces, no complex facial features, no detailed clothing folds, no body shading on stickman characters, no 3D render on characters, no anime style, no chibi proportions, no filled body volume, no oversized main character, no text overlay, no subtitles, no captions, no written words, no readable text in image, no door signs, no name plates, no labels, no watermarks, no speech bubbles"
PV_0026_047,164,165,PHASE_CONFLICT,NARRATIVE_SCENE,"Simple stickman character with oversized round white circle head. Body drawn with thin black lines. Clothing as simple flat-colored shapes (no detail, no folds, no shading). Character is deliberately simple - contrast against highly detailed, semi-realistic painted background environment. Shorter faceless stickman partner (blank white circle head, no eyes, no mouth) in police uniform, looking at report then looking upward at ceiling, pen in hand about to sign. Detailed precinct office - desk with report folder open, ceiling tiles, fluorescent light, filing cabinets, institutional grey. Flat illustration, clean lines. --no realistic human faces, no complex facial features, no detailed clothing folds, no body shading on stickman characters, no 3D render on characters, no anime style, no chibi proportions, no filled body volume, no oversized main character, no text overlay, no subtitles, no captions, no written words, no readable text in image, no door signs, no name plates, no labels, no watermarks, no speech bubbles"
PV_0026_048,166,172,PHASE_CONFLICT,NARRATIVE_SCENE,"Simple stickman character with oversized round white circle head. Body drawn with thin black lines. Clothing as simple flat-colored shapes (no detail, no folds, no shading). Character is deliberately simple - contrast against highly detailed, semi-realistic painted background environment. Tall stickman cop with short dark buzz cut, dark uniform, weapon just fired on different dark sidewalk. Dot eyes cold, simple mouth flat. Different nighttime street scene from earlier - different houses, different streetlight, same pattern repeating. Detailed urban residential night scene - wet asphalt, porch lights, chain-link gates. Flat illustration, clean lines. --no realistic human faces, no complex facial features, no detailed clothing folds, no body shading on stickman characters, no 3D render on characters, no anime style, no chibi proportions, no filled body volume, no oversized main character, no text overlay, no subtitles, no captions, no written words, no readable text in image, no door signs, no name plates, no labels, no watermarks, no speech bubbles"
PV_0026_049,173,176,PHASE_CONFLICT,NARRATIVE_SCENE,"Simple stickman character with oversized round white circle head. Body drawn with thin black lines. Clothing as simple flat-colored shapes (no detail, no folds, no shading). Character is deliberately simple - contrast against highly detailed, semi-realistic painted background environment. Tall stickman cop sitting in courtroom bench area, posture relaxed and unbothered. Dot eyes cold, simple mouth. Courtroom setting with judge bench visible in background, empty plaintiff chair, scattered legal papers. Detailed courtroom interior - wood paneling, bench seating, institutional lighting, government seal. Civil case being dismissed. Flat illustration, clean lines. --no realistic human faces, no complex facial features, no detailed clothing folds, no body shading on stickman characters, no 3D render on characters, no anime style, no chibi proportions, no filled body volume, no oversized main character, no text overlay, no subtitles, no captions, no written words, no readable text in image, no door signs, no name plates, no labels, no watermarks, no speech bubbles"
PV_0026_050,177,181,PHASE_CONFLICT,NARRATIVE_SCENE,"Simple stickman character with oversized round white circle head. Body drawn with thin black lines. Clothing as simple flat-colored shapes (no detail, no folds, no shading). Character is deliberately simple - contrast against highly detailed, semi-realistic painted background environment. Tall stickman cop standing in precinct hallway, posture apart from others. Dot eyes cold, simple mouth. Faceless stickman sergeant (blank white circle head) in uniform nearby, nodding in approval. Detailed precinct interior - hallway with bulletin boards, stat boards on walls, fluorescent lighting, industrial grey paint, other faceless officers passing. Flat illustration, clean lines. --no realistic human faces, no complex facial features, no detailed clothing folds, no body shading on stickman characters, no 3D render on characters, no anime style, no chibi proportions, no filled body volume, no oversized main character, no text overlay, no subtitles, no captions, no written words, no readable text in image, no door signs, no name plates, no labels, no watermarks, no speech bubbles"
PV_0026_051,182,184,PHASE_CONFLICT,NARRATIVE_SCENE,"Simple stickman character with oversized round white circle head. Body drawn with thin black lines. Clothing as simple flat-colored shapes (no detail, no folds, no shading). Character is deliberately simple - contrast against highly detailed, semi-realistic painted background environment. Tall stickman cop drawing weapon on scene, dominant posture. Dot eyes cold, not looking behind. Shorter thinner faceless stickman rookie (blank white circle head, no eyes, no mouth) in new police uniform standing frozen behind, watching, not moving or speaking. Detailed nighttime urban scene - sidewalk, residential houses, streetlight, patrol car at curb. Flat illustration, clean lines. --no realistic human faces, no complex facial features, no detailed clothing folds, no body shading on stickman characters, no 3D render on characters, no anime style, no chibi proportions, no filled body volume, no oversized main character, no text overlay, no subtitles, no captions, no written words, no readable text in image, no door signs, no name plates, no labels, no watermarks, no speech bubbles"
PV_0026_052,185,190,PHASE_CONFLICT,NARRATIVE_SCENE,"Simple stickman character with oversized round white circle head. Body drawn with thin black lines. Clothing as simple flat-colored shapes (no detail, no folds, no shading). Character is deliberately simple - contrast against highly detailed, semi-realistic painted background environment. Tall stickman cop in casual clothes (off duty) walking down sidewalk. Dot eyes cold, simple mouth. Small faceless stickman civilian (blank white circle head) crossing street ahead to avoid the cop. Everything on the street frozen and still as cop walks through. Detailed daytime residential neighborhood - tree-lined sidewalk, parked cars, front yards, mailboxes, normal suburban life paused. Flat illustration, clean lines. --no realistic human faces, no complex facial features, no detailed clothing folds, no body shading on stickman characters, no 3D render on characters, no anime style, no chibi proportions, no filled body volume, no oversized main character, no text overlay, no subtitles, no captions, no written words, no readable text in image, no door signs, no name plates, no labels, no watermarks, no speech bubbles"
PV_0026_053,191,196,PHASE_CONFLICT,NARRATIVE_SCENE,"Simple stickman character with oversized round white circle head. Body drawn with thin black lines. Clothing as simple flat-colored shapes (no detail, no folds, no shading). Character is deliberately simple - contrast against highly detailed, semi-realistic painted background environment. Tall stickman cop with short dark buzz cut. Dark uniform. Dot eyes with cold expression, simple mouth already speaking automatically. Standing in review board room or interrogation setting, mouth open, words emerging before question finishes. Detailed institutional room - table, chairs, fluorescent light, paneled walls. Flat illustration, clean lines. --no realistic human faces, no complex facial features, no detailed clothing folds, no body shading on stickman characters, no 3D render on characters, no anime style, no chibi proportions, no filled body volume, no oversized main character, no text overlay, no subtitles, no captions, no written words, no readable text in image, no door signs, no name plates, no labels, no watermarks, no speech bubbles"
PV_0026_054,197,198,PHASE_CONFLICT,NARRATIVE_SCENE,"Simple stickman character with oversized round white circle head. Body drawn with thin black lines. Clothing as simple flat-colored shapes (no detail, no folds, no shading). Character is deliberately simple - contrast against highly detailed, semi-realistic painted background environment. Tall stickman cop with dark buzz cut, dark uniform. Dot eyes cold flat, simple mouth open involuntarily. Words emerging as reflex, mechanical. Same institutional room setting, neutral lighting. Flat illustration, clean lines. --no realistic human faces, no complex facial features, no detailed clothing folds, no body shading on stickman characters, no 3D render on characters, no anime style, no chibi proportions, no filled body volume, no oversized main character, no text overlay, no subtitles, no captions, no written words, no readable text in image, no door signs, no name plates, no labels, no watermarks, no speech bubbles"
PV_0026_055,199,199,PHASE_CONFLICT,EMOTIONAL_CLOSEUP,"Simple stickman character with oversized round white circle head. Body drawn with thin black lines. Clothing as simple flat-colored shapes (no detail, no folds, no shading). Character is deliberately simple - contrast against highly detailed, semi-realistic painted background environment. Tall stickman cop with short dark buzz cut. Dark uniform, body camera visible on chest but dark - no red light, clicked off. Dot eyes not looking down at camera, looking straight ahead. Simple mouth flat. Standing rigid, camera dead on chest. Background fading from dark environment to desaturated cold grey vignette. Single subject, centered. Flat illustration. --no realistic human faces, no complex facial features, no detailed clothing folds, no body shading on stickman characters, no 3D render on characters, no anime style, no chibi proportions, no filled body volume, no oversized main character, no text overlay, no subtitles, no captions, no written words, no readable text in image, no door signs, no name plates, no labels, no watermarks, no speech bubbles"
PV_0026_056,200,205,PHASE_CONFLICT,NARRATIVE_SCENE,"Simple stickman character with oversized round white circle head. Body drawn with thin black lines. Clothing as simple flat-colored shapes (no detail, no folds, no shading). Character is deliberately simple - contrast against highly detailed, semi-realistic painted background environment. Tall stickman cop with short dark buzz cut. Dark uniform, sidearm drawn and fired, body camera absent. Dot eyes with cold flat expression, simple mouth. Firing without command - compressed sequence, no hesitation posture. Faceless civilian figure (blank white circle head) recoiling on dark street. Detailed harsh nighttime scene - single streetlight, concrete, residential block, flash from weapon. Flat illustration, clean lines. --no realistic human faces, no complex facial features, no detailed clothing folds, no body shading on stickman characters, no 3D render on characters, no anime style, no chibi proportions, no filled body volume, no oversized main character, no text overlay, no subtitles, no captions, no written words, no readable text in image, no door signs, no name plates, no labels, no watermarks, no speech bubbles"
PV_0026_057,206,210,PHASE_CRISIS,NARRATIVE_SCENE,"Simple stickman character with oversized round white circle head. Body drawn with thin black lines. Clothing as simple flat-colored shapes (no detail, no folds, no shading). Character is deliberately simple - contrast against highly detailed, semi-realistic painted background environment. Tall stickman cop with short dark buzz cut. Same dark uniform, body camera absent/off, sidearm holstered but hand on grip. Dot eyes with flat blank expression, simple mouth tight. Standing on wet sidewalk at night, water pooling from overrunning sprinkler on nearby lawn. Richly detailed nighttime residential scene - wet concrete reflecting streetlight, lawn sprinkler running, puddles on sidewalk, row houses, humid night atmosphere. Flat illustration, clean lines. --no realistic human faces, no complex facial features, no detailed clothing folds, no body shading on stickman characters, no 3D render on characters, no anime style, no chibi proportions, no filled body volume, no oversized main character, no text overlay, no subtitles, no captions, no written words, no readable text in image, no door signs, no name plates, no labels, no watermarks, no speech bubbles"
PV_0026_058,211,211,PHASE_CRISIS,EMOTIONAL_CLOSEUP,"Simple stickman character with oversized round white circle head. Body drawn with thin black lines. Clothing as simple flat-colored shapes (no detail, no folds, no shading). Character is deliberately simple - contrast against highly detailed, semi-realistic painted background environment. Tall stickman cop with short dark buzz cut. Dark uniform, no body camera. Dot eyes flat blank, simple mouth clenched tight jaw visible in posture. Standing rigid, jaw tension visible in neck angle. Background fading from wet nighttime street to desaturated cold grey vignette at edges. Single subject, centered. Flat illustration. --no realistic human faces, no complex facial features, no detailed clothing folds, no body shading on stickman characters, no 3D render on characters, no anime style, no chibi proportions, no filled body volume, no oversized main character, no text overlay, no subtitles, no captions, no written words, no readable text in image, no door signs, no name plates, no labels, no watermarks, no speech bubbles"
PV_0026_059,212,218,PHASE_CRISIS,NARRATIVE_SCENE,"Simple stickman character with oversized round white circle head. Body drawn with thin black lines. Clothing as simple flat-colored shapes (no detail, no folds, no shading). Character is deliberately simple - contrast against highly detailed, semi-realistic painted background environment. Tall stickman cop with sidearm drawn, muzzle flash at barrel. Dot eyes flat blank, mouth open mid-incomplete command. Faceless civilian stickman (blank white circle head, no eyes, no mouth) in front reaching slowly into pocket, one hand partially raised. Detailed nighttime sidewalk with wet concrete - residential houses, porch lights, harsh streetlight cone, sprinkler water visible on lawn. Flat illustration, clean lines. --no realistic human faces, no complex facial features, no detailed clothing folds, no body shading on stickman characters, no 3D render on characters, no anime style, no chibi proportions, no filled body volume, no oversized main character, no text overlay, no subtitles, no captions, no written words, no readable text in image, no door signs, no name plates, no labels, no watermarks, no speech bubbles"
PV_0026_060,219,222,PHASE_CRISIS,EMOTIONAL_CLOSEUP,"Simple stickman character with oversized round white circle head. Body drawn with thin black lines. Clothing as simple flat-colored shapes (no detail, no folds, no shading). Character is deliberately simple - contrast against highly detailed, semi-realistic painted background environment. Close framing on wet sidewalk ground level - small rectangular ID card lying open on wet concrete, photo square visible facing up, fallen from hand. Faceless stickman figure (blank white circle head) collapsed on wet sidewalk nearby. Detailed wet concrete surface, pooled water reflections, streetlight reflected in puddle. Background fading to desaturated grey at edges. Flat illustration. --no realistic human faces, no complex facial features, no detailed clothing folds, no body shading on stickman characters, no 3D render on characters, no anime style, no chibi proportions, no filled body volume, no oversized main character, no text overlay, no subtitles, no captions, no written words, no readable text in image, no door signs, no name plates, no labels, no watermarks, no speech bubbles"
PV_0026_061,223,224,PHASE_CRISIS,TEXT_OVERLAY,"Dark charcoal black background. Large bold white sans-serif text centered: 'It was already in their hand.' Flat design, premium typography. Minimal, heavy silence in design. --no realistic human faces, no complex facial features, no detailed clothing folds, no body shading on stickman characters, no 3D render on characters, no anime style, no chibi proportions, no filled body volume, no oversized main character"
PV_0026_062,225,227,PHASE_CRISIS,EMOTIONAL_CLOSEUP,"Simple stickman character with oversized round white circle head. Body drawn with thin black lines. Clothing as simple flat-colored shapes (no detail, no folds, no shading). Character is deliberately simple - contrast against highly detailed, semi-realistic painted background environment. Tall stickman cop standing over fallen faceless figure on wet sidewalk. Dot eyes flat blank empty. Simple mouth slightly open. ID card visible on ground in open hand of fallen figure. Cop looking down, weapon still in hand at side. Background fading from wet nighttime scene to desaturated cold grey vignette. Flat illustration. --no realistic human faces, no complex facial features, no detailed clothing folds, no body shading on stickman characters, no 3D render on characters, no anime style, no chibi proportions, no filled body volume, no oversized main character, no text overlay, no subtitles, no captions, no written words, no readable text in image, no door signs, no name plates, no labels, no watermarks, no speech bubbles"
PV_0026_063,228,232,PHASE_CRISIS,EMOTIONAL_CLOSEUP,"Simple stickman character with oversized round white circle head. Body drawn with thin black lines. Clothing as simple flat-colored shapes (no detail, no folds, no shading). Character is deliberately simple - contrast against highly detailed, semi-realistic painted background environment. Tall stickman cop standing alone, weapon lowered to side. Dot eyes flat blank, simple mouth barely open. One hand on own chest, posture slightly off-balance as if feeling a skip. Background fading from dark wet street to desaturated cold grey at edges. Single subject, centered. Flat illustration. --no realistic human faces, no complex facial features, no detailed clothing folds, no body shading on stickman characters, no 3D render on characters, no anime style, no chibi proportions, no filled body volume, no oversized main character, no text overlay, no subtitles, no captions, no written words, no readable text in image, no door signs, no name plates, no labels, no watermarks, no speech bubbles"
PV_0026_064,233,237,PHASE_CRISIS,NARRATIVE_SCENE,"Simple stickman character with oversized round white circle head. Body drawn with thin black lines. Clothing as simple flat-colored shapes (no detail, no folds, no shading). Character is deliberately simple - contrast against highly detailed, semi-realistic painted background environment. Two police stickmen on wet nighttime sidewalk. Tall cop with weapon discharged, posture decisive. Shorter thinner faceless stickman rookie (blank white circle head, no eyes, no mouth) in new uniform behind, weapon also discharged, posture frozen and uncertain. Fallen faceless civilian on ground between them. Detailed wet sidewalk - puddles, streetlight reflections, residential houses. Flat illustration, clean lines. --no realistic human faces, no complex facial features, no detailed clothing folds, no body shading on stickman characters, no 3D render on characters, no anime style, no chibi proportions, no filled body volume, no oversized main character, no text overlay, no subtitles, no captions, no written words, no readable text in image, no door signs, no name plates, no labels, no watermarks, no speech bubbles"
PV_0026_065,238,241,PHASE_CRISIS,NARRATIVE_SCENE,"Simple stickman character with oversized round white circle head. Body drawn with thin black lines. Clothing as simple flat-colored shapes (no detail, no folds, no shading). Character is deliberately simple - contrast against highly detailed, semi-realistic painted background environment. Tall stickman cop and shorter faceless rookie (blank white circle head) both with weapons drawn, standing over fallen figure on wet sidewalk. Cop's posture confident and unbothered. Rookie's posture rigid and shocked. Detailed nighttime wet concrete scene - two sets of discharged weapons, fallen civilian, harsh streetlight, residential backdrop. Flat illustration, clean lines. --no realistic human faces, no complex facial features, no detailed clothing folds, no body shading on stickman characters, no 3D render on characters, no anime style, no chibi proportions, no filled body volume, no oversized main character, no text overlay, no subtitles, no captions, no written words, no readable text in image, no door signs, no name plates, no labels, no watermarks, no speech bubbles"
PV_0026_066,242,244,PHASE_CRISIS,EMOTIONAL_CLOSEUP,"Simple stickman character with oversized round white circle head. Body drawn with thin black lines. Clothing as simple flat-colored shapes (no detail, no folds, no shading). Character is deliberately simple - contrast against highly detailed, semi-realistic painted background environment. Shorter thinner faceless stickman rookie (blank white circle head, no eyes, no mouth) in new police uniform, hands still raised with weapon, wide frozen stance. The facelessness amplifies the shock of posture. Tall cop with dot eyes flat blank visible in background edge. Background fading from wet nighttime sidewalk to desaturated grey vignette. Flat illustration. --no realistic human faces, no complex facial features, no detailed clothing folds, no body shading on stickman characters, no 3D render on characters, no anime style, no chibi proportions, no filled body volume, no oversized main character, no text overlay, no subtitles, no captions, no written words, no readable text in image, no door signs, no name plates, no labels, no watermarks, no speech bubbles"
PV_0026_067,245,248,PHASE_CRISIS,EMOTIONAL_CLOSEUP,"Simple stickman character with oversized round white circle head. Body drawn with thin black lines. Clothing as simple flat-colored shapes (no detail, no folds, no shading). Character is deliberately simple - contrast against highly detailed, semi-realistic painted background environment. Split visual emphasis - tall stickman cop with dot eyes empty, and shorter faceless rookie (blank white circle head) staring at each other. Rookie's posture echoing cop's posture from training room in early phase. Background fading from dark scene to soft gold light from upper right suggesting clarity. Flat illustration. --no realistic human faces, no complex facial features, no detailed clothing folds, no body shading on stickman characters, no 3D render on characters, no anime style, no chibi proportions, no filled body volume, no oversized main character, no text overlay, no subtitles, no captions, no written words, no readable text in image, no door signs, no name plates, no labels, no watermarks, no speech bubbles"
PV_0026_068,249,250,PHASE_CRISIS,EMOTIONAL_CLOSEUP,"Simple stickman character with oversized round white circle head. Body drawn with thin black lines. Clothing as simple flat-colored shapes (no detail, no folds, no shading). Character is deliberately simple - contrast against highly detailed, semi-realistic painted background environment. Tall stickman cop standing still, dot eyes flat empty, simple mouth. Posture motionless, looking at rookie but seeing past them into memory. Shorter faceless rookie visible at edge turning away. Background fading from nighttime scene to warm amber glow at edges. Single subject focus on cop, centered. Flat illustration. --no realistic human faces, no complex facial features, no detailed clothing folds, no body shading on stickman characters, no 3D render on characters, no anime style, no chibi proportions, no filled body volume, no oversized main character, no text overlay, no subtitles, no captions, no written words, no readable text in image, no door signs, no name plates, no labels, no watermarks, no speech bubbles"
PV_0026_069,251,252,PHASE_RESOLUTION,NARRATIVE_SCENE,"Simple stickman character with oversized round white circle head. Body drawn with thin black lines. Clothing as simple flat-colored shapes (no detail, no folds, no shading). Character is deliberately simple - contrast against highly detailed, semi-realistic painted background environment. Tallest stickman cop with short dark hair, slight grey at temples. Uniform with seniority markers, body camera absent. Dot eyes with empty unreadable expression, simple mouth. Standing in precinct office doorway. Detailed precinct office - desk with papers, fluorescent tube overhead humming, institutional walls, filing cabinets, dim corridor light. Flat illustration, clean lines. --no realistic human faces, no complex facial features, no detailed clothing folds, no body shading on stickman characters, no 3D render on characters, no anime style, no chibi proportions, no filled body volume, no oversized main character, no text overlay, no subtitles, no captions, no written words, no readable text in image, no door signs, no name plates, no labels, no watermarks, no speech bubbles"
PV_0026_070,253,256,PHASE_RESOLUTION,NARRATIVE_SCENE,"Simple stickman character with oversized round white circle head. Body drawn with thin black lines. Clothing as simple flat-colored shapes (no detail, no folds, no shading). Character is deliberately simple - contrast against highly detailed, semi-realistic painted background environment. Tallest stickman cop with grey-templed dark hair, seniority uniform. Dot eyes empty, simple mouth. Sitting at desk across from shorter thinner faceless rookie (blank white circle head, no eyes, no mouth) in new uniform. Teaching posture - leaning forward. Detailed precinct desk - two chairs, fluorescent light, institutional office, papers on desk. Flat illustration, clean lines. --no realistic human faces, no complex facial features, no detailed clothing folds, no body shading on stickman characters, no 3D render on characters, no anime style, no chibi proportions, no filled body volume, no oversized main character, no text overlay, no subtitles, no captions, no written words, no readable text in image, no door signs, no name plates, no labels, no watermarks, no speech bubbles"
PV_0026_071,257,258,PHASE_RESOLUTION,NARRATIVE_SCENE,"Simple stickman character with oversized round white circle head. Body drawn with thin black lines. Clothing as simple flat-colored shapes (no detail, no folds, no shading). Character is deliberately simple - contrast against highly detailed, semi-realistic painted background environment. Low angle upward view of fluorescent tube light humming on ceiling above desk scene. Tallest stickman cop and shorter faceless rookie seated at desk below, both looking up slightly. Detailed ceiling - fluorescent tube with slight flicker, water stain on ceiling tile, institutional office from below angle. Flat illustration, clean lines. --no realistic human faces, no complex facial features, no detailed clothing folds, no body shading on stickman characters, no 3D render on characters, no anime style, no chibi proportions, no filled body volume, no oversized main character, no text overlay, no subtitles, no captions, no written words, no readable text in image, no door signs, no name plates, no labels, no watermarks, no speech bubbles"
PV_0026_072,259,261,PHASE_RESOLUTION,NARRATIVE_SCENE,"Simple stickman character with oversized round white circle head. Body drawn with thin black lines. Clothing as simple flat-colored shapes (no detail, no folds, no shading). Character is deliberately simple - contrast against highly detailed, semi-realistic painted background environment. Shorter thinner faceless rookie (blank white circle head, no eyes, no mouth) in new uniform, mouth area blank, seated across desk speaking. Tallest stickman cop with grey temples, dot eyes empty, listening with unreadable expression. Detailed precinct office desk scene - papers, fluorescent light, two chairs, institutional. Flat illustration, clean lines. --no realistic human faces, no complex facial features, no detailed clothing folds, no body shading on stickman characters, no 3D render on characters, no anime style, no chibi proportions, no filled body volume, no oversized main character, no text overlay, no subtitles, no captions, no written words, no readable text in image, no door signs, no name plates, no labels, no watermarks, no speech bubbles"
PV_0026_073,262,265,PHASE_RESOLUTION,NARRATIVE_SCENE,"Simple stickman character with oversized round white circle head. Body drawn with thin black lines. Clothing as simple flat-colored shapes (no detail, no folds, no shading). Character is deliberately simple - contrast against highly detailed, semi-realistic painted background environment. Tallest stickman cop with grey-templed hair, seniority uniform, dot eyes empty hollow, simple mouth. Sitting at desk, slight head tilt, expression of someone hearing their own voice echoed back wrong. Faceless rookie across desk in background. Detailed office - desk, fluorescent light, institutional walls. Flat illustration, clean lines. --no realistic human faces, no complex facial features, no detailed clothing folds, no body shading on stickman characters, no 3D render on characters, no anime style, no chibi proportions, no filled body volume, no oversized main character, no text overlay, no subtitles, no captions, no written words, no readable text in image, no door signs, no name plates, no labels, no watermarks, no speech bubbles"
PV_0026_074,266,268,PHASE_RESOLUTION,EMOTIONAL_CLOSEUP,"Simple stickman character with oversized round white circle head. Body drawn with thin black lines. Clothing as simple flat-colored shapes (no detail, no folds, no shading). Character is deliberately simple - contrast against highly detailed, semi-realistic painted background environment. Tallest stickman cop with grey temples, seniority uniform, no body camera. Dot eyes empty searching inward, simple mouth slightly open. Hunched forward at desk, hands flat on surface, posture of someone searching memory and finding nothing. Background fading from office to warm amber glow at edges. Single subject, centered. Flat illustration. --no realistic human faces, no complex facial features, no detailed clothing folds, no body shading on stickman characters, no 3D render on characters, no anime style, no chibi proportions, no filled body volume, no oversized main character, no text overlay, no subtitles, no captions, no written words, no readable text in image, no door signs, no name plates, no labels, no watermarks, no speech bubbles"
PV_0026_075,269,270,PHASE_RESOLUTION,EMOTIONAL_CLOSEUP,"Simple stickman character with oversized round white circle head. Body drawn with thin black lines. Clothing as simple flat-colored shapes (no detail, no folds, no shading). Character is deliberately simple - contrast against highly detailed, semi-realistic painted background environment. Tallest stickman cop with grey temples. Dot eyes empty distant, simple mouth. Sitting still at desk, hands motionless, staring at nothing, posture of complete emptiness. Background fading to warm amber glow, edges slightly blurred. Single subject, centered. Flat illustration. --no realistic human faces, no complex facial features, no detailed clothing folds, no body shading on stickman characters, no 3D render on characters, no anime style, no chibi proportions, no filled body volume, no oversized main character, no text overlay, no subtitles, no captions, no written words, no readable text in image, no door signs, no name plates, no labels, no watermarks, no speech bubbles"
PV_0026_076,271,278,PHASE_RESOLUTION,NARRATIVE_SCENE,"Simple stickman character with oversized round white circle head. Body drawn with thin black lines. Clothing as simple flat-colored shapes (no detail, no folds, no shading). Character is deliberately simple - contrast against highly detailed, semi-realistic painted background environment. Tallest stickman cop sitting in patrol car, dot eyes empty, hearing radio. In background through windshield: distant scene suggestion of shorter faceless rookie (blank white circle head) on different street in different situation, same posture cop once had. Detailed patrol car interior - dashboard, radio crackling, nighttime through windshield. Flat illustration, clean lines. --no realistic human faces, no complex facial features, no detailed clothing folds, no body shading on stickman characters, no 3D render on characters, no anime style, no chibi proportions, no filled body volume, no oversized main character, no text overlay, no subtitles, no captions, no written words, no readable text in image, no door signs, no name plates, no labels, no watermarks, no speech bubbles"
PV_0026_077,279,281,PHASE_RESOLUTION,NARRATIVE_SCENE,"Simple stickman character with oversized round white circle head. Body drawn with thin black lines. Clothing as simple flat-colored shapes (no detail, no folds, no shading). Character is deliberately simple - contrast against highly detailed, semi-realistic painted background environment. Tallest stickman cop in patrol car, dot eyes empty flat, simple mouth. Not reacting to radio news, staring forward through windshield, complete emotional absence. Detailed car interior - radio speaker, dashboard glow, night street outside, still atmosphere. Flat illustration, clean lines. --no realistic human faces, no complex facial features, no detailed clothing folds, no body shading on stickman characters, no 3D render on characters, no anime style, no chibi proportions, no filled body volume, no oversized main character, no text overlay, no subtitles, no captions, no written words, no readable text in image, no door signs, no name plates, no labels, no watermarks, no speech bubbles"
PV_0026_078,282,282,PHASE_RESOLUTION,NARRATIVE_SCENE,"Simple stickman character with oversized round white circle head. Body drawn with thin black lines. Clothing as simple flat-colored shapes (no detail, no folds, no shading). Character is deliberately simple - contrast against highly detailed, semi-realistic painted background environment. Tallest stickman cop with grey temples, seniority uniform. Dot eyes empty, simple mouth. Sitting at precinct desk looking down at open report folder, pen in hand, recognizing own handwriting. Detailed desk scene - report folder open, familiar handwriting visible on form, desk lamp, stack of similar folders, institutional office. Flat illustration, clean lines. --no realistic human faces, no complex facial features, no detailed clothing folds, no body shading on stickman characters, no 3D render on characters, no anime style, no chibi proportions, no filled body volume, no oversized main character, no text overlay, no subtitles, no captions, no written words, no readable text in image, no door signs, no name plates, no labels, no watermarks, no speech bubbles"
PV_0026_079,283,287,PHASE_RESOLUTION,TEXT_OVERLAY,"Dark charcoal black background. Large bold white sans-serif text centered: 'You don't recognize the person they describe.' Flat design, premium typography. --no realistic human faces, no complex facial features, no detailed clothing folds, no body shading on stickman characters, no 3D render on characters, no anime style, no chibi proportions, no filled body volume, no oversized main character"
PV_0026_080,288,290,PHASE_RESOLUTION,NARRATIVE_SCENE,"Simple stickman character with oversized round white circle head. Body drawn with thin black lines. Clothing as simple flat-colored shapes (no detail, no folds, no shading). Character is deliberately simple - contrast against highly detailed, semi-realistic painted background environment. Tallest stickman cop with grey temples at desk, looking at tall stack of case files. Dot eyes empty, simple mouth. Multiple manila folders stacked, all open to same phrases, same structure repeated across pages. Detailed desk - multiple case files fanned out, desk lamp, coffee mug, pen, institutional office background. Flat illustration, clean lines. --no realistic human faces, no complex facial features, no detailed clothing folds, no body shading on stickman characters, no 3D render on characters, no anime style, no chibi proportions, no filled body volume, no oversized main character, no text overlay, no subtitles, no captions, no written words, no readable text in image, no door signs, no name plates, no labels, no watermarks, no speech bubbles"
PV_0026_081,291,293,PHASE_RESOLUTION,NARRATIVE_SCENE,"Simple stickman character with oversized round white circle head. Body drawn with thin black lines. Clothing as simple flat-colored shapes (no detail, no folds, no shading). Character is deliberately simple - contrast against highly detailed, semi-realistic painted background environment. Tallest stickman cop with grey temples, dot eyes refocusing, simple mouth. Blinking, looking down at report page, resuming reading mechanically. Detailed desk close-up - report pages in focus, pen beside, desk lamp light, institutional office. Flat illustration, clean lines. --no realistic human faces, no complex facial features, no detailed clothing folds, no body shading on stickman characters, no 3D render on characters, no anime style, no chibi proportions, no filled body volume, no oversized main character, no text overlay, no subtitles, no captions, no written words, no readable text in image, no door signs, no name plates, no labels, no watermarks, no speech bubbles"
PV_0026_082,294,296,PHASE_RESOLUTION,EMOTIONAL_CLOSEUP,"Simple stickman character with oversized round white circle head. Body drawn with thin black lines. Clothing as simple flat-colored shapes (no detail, no folds, no shading). Character is deliberately simple - contrast against highly detailed, semi-realistic painted background environment. Close framing on open case file - small ID photo stapled to upper corner of manila folder page, stickman cop's hand resting on page beside it. Dot eyes empty staring at the photo, simple mouth. Background fading from desk to warm amber glow at edges. Flat illustration. --no realistic human faces, no complex facial features, no detailed clothing folds, no body shading on stickman characters, no 3D render on characters, no anime style, no chibi proportions, no filled body volume, no oversized main character, no text overlay, no subtitles, no captions, no written words, no readable text in image, no door signs, no name plates, no labels, no watermarks, no speech bubbles"
PV_0026_083,297,300,PHASE_RESOLUTION,EMOTIONAL_CLOSEUP,"Simple stickman character with oversized round white circle head. Body drawn with thin black lines. Clothing as simple flat-colored shapes (no detail, no folds, no shading). Character is deliberately simple - contrast against highly detailed, semi-realistic painted background environment. Tallest stickman cop with grey temples, dot eyes unfocused distant, simple mouth. Looking at file but through it, recognition fading, posture still. Background fading to warm amber glow, edges blurred. Single subject, centered. Flat illustration. --no realistic human faces, no complex facial features, no detailed clothing folds, no body shading on stickman characters, no 3D render on characters, no anime style, no chibi proportions, no filled body volume, no oversized main character, no text overlay, no subtitles, no captions, no written words, no readable text in image, no door signs, no name plates, no labels, no watermarks, no speech bubbles"
PV_0026_084,301,305,PHASE_RESOLUTION,EMOTIONAL_CLOSEUP,"Simple stickman character with oversized round white circle head. Body drawn with thin black lines. Clothing as simple flat-colored shapes (no detail, no folds, no shading). Character is deliberately simple - contrast against highly detailed, semi-realistic painted background environment. Close framing on report page on desk - lines of text with one visibly different detail, pen lying untouched beside the error. Cop's hand visible at edge, not reaching for pen. Detailed desk surface - paper grain, pen shadow, desk lamp light, institutional surface. Background fading to warm amber at edges. Flat illustration. --no realistic human faces, no complex facial features, no detailed clothing folds, no body shading on stickman characters, no 3D render on characters, no anime style, no chibi proportions, no filled body volume, no oversized main character, no text overlay, no subtitles, no captions, no written words, no readable text in image, no door signs, no name plates, no labels, no watermarks, no speech bubbles"
PV_0026_085,306,306,PHASE_RESOLUTION,NARRATIVE_SCENE,"Simple stickman character with oversized round white circle head. Body drawn with thin black lines. Clothing as simple flat-colored shapes (no detail, no folds, no shading). Character is deliberately simple - contrast against highly detailed, semi-realistic painted background environment. Tallest stickman cop with grey temples, seniority uniform. Dot eyes empty, simple mouth. Writing at bottom of report page with pen, mechanical motion, same formula being inscribed. Detailed precinct desk - report open, pen moving, same desk as before, institutional light, stack of completed files. Flat illustration, clean lines. --no realistic human faces, no complex facial features, no detailed clothing folds, no body shading on stickman characters, no 3D render on characters, no anime style, no chibi proportions, no filled body volume, no oversized main character, no text overlay, no subtitles, no captions, no written words, no readable text in image, no door signs, no name plates, no labels, no watermarks, no speech bubbles"
PV_0026_086,307,308,PHASE_RESOLUTION,TEXT_OVERLAY,"Dark charcoal black background. Large bold white sans-serif text centered: 'You don't remember if you did.' Flat design, premium typography. Heavy silence in minimal design. --no realistic human faces, no complex facial features, no detailed clothing folds, no body shading on stickman characters, no 3D render on characters, no anime style, no chibi proportions, no filled body volume, no oversized main character"
PV_0026_087,309,314,CALLBACK_CLOSE,NARRATIVE_SCENE,"Simple stickman character with oversized round white circle head. Body drawn with thin black lines. Clothing as simple flat-colored shapes (no detail, no folds, no shading). Character is deliberately simple - contrast against highly detailed, semi-realistic painted background environment. Tallest stickman cop with grey-dark hair. Same dark uniform as HOOK, no body camera. Dot eyes with empty expression, simple mouth. Sitting in same patrol car as opening scene, MDT screen glowing same blue, same dashboard, same night. Hand already on holster grip. Detailed patrol car interior identical to HOOK - same MDT glow, same worn seat, same cage partition, same nighttime neighborhood through windshield. Full circle composition. Flat illustration, clean lines. --no realistic human faces, no complex facial features, no detailed clothing folds, no body shading on stickman characters, no 3D render on characters, no anime style, no chibi proportions, no filled body volume, no oversized main character, no text overlay, no subtitles, no captions, no written words, no readable text in image, no door signs, no name plates, no labels, no watermarks, no speech bubbles"
PV_0026_088,315,317,CALLBACK_CLOSE,EMOTIONAL_CLOSEUP,"Simple stickman character with oversized round white circle head. Body drawn with thin black lines. Clothing as simple flat-colored shapes (no detail, no folds, no shading). Character is deliberately simple - contrast against highly detailed, semi-realistic painted background environment. Tallest stickman cop with grey-dark hair. Dark uniform, no body camera. Dot eyes empty, simple mouth. Close framing on right hand gripping holster permanently, not placed there consciously, permanent fixture. Background fading from patrol car interior to desaturated cold grey vignette. Single subject hand detail, centered. Flat illustration. --no realistic human faces, no complex facial features, no detailed clothing folds, no body shading on stickman characters, no 3D render on characters, no anime style, no chibi proportions, no filled body volume, no oversized main character, no text overlay, no subtitles, no captions, no written words, no readable text in image, no door signs, no name plates, no labels, no watermarks, no speech bubbles"
PV_0026_089,318,319,CALLBACK_CLOSE,NARRATIVE_SCENE,"Simple stickman character with oversized round white circle head. Body drawn with thin black lines. Clothing as simple flat-colored shapes (no detail, no folds, no shading). Character is deliberately simple - contrast against highly detailed, semi-realistic painted background environment. Tallest stickman cop in patrol car, not yet exited, MDT glowing blue, hand on holster. Dot eyes empty, simple mouth. Same as opening frame - same car, same glow, same neighborhood through windshield, but cop is older and emptier. Detailed patrol car at night mirroring HOOK scene exactly. Flat illustration, clean lines. --no realistic human faces, no complex facial features, no detailed clothing folds, no body shading on stickman characters, no 3D render on characters, no anime style, no chibi proportions, no filled body volume, no oversized main character, no text overlay, no subtitles, no captions, no written words, no readable text in image, no door signs, no name plates, no labels, no watermarks, no speech bubbles"
PV_0026_090,320,321,CALLBACK_CLOSE,TEXT_OVERLAY,"Dark navy blue background. Large bold white sans-serif text centered: 'You didn't place it.' Tiny stickman police silhouette bottom-right with hand on holster. Flat design, premium typography. --no realistic human faces, no complex facial features, no detailed clothing folds, no body shading on stickman characters, no 3D render on characters, no anime style, no chibi proportions, no filled body volume, no oversized main character"
